{
	"format_version": "1.8.0",
	"animations": {
		"idle": {
			"loop": true,
			"animation_length": 1,
			"bones": {
				"RightLeg": {
					"rotation": {
						"0.0": {
							"vector": [-66.69146, 18.77014, -9.29198]
						},
						"0.5": {
							"vector": [-81.91022, 18.13953, -10.23698]
						},
						"1.0": {
							"vector": [-66.69146, 18.77014, -9.29198]
						}
					},
					"position": {
						"0.0": {
							"vector": [-0.5, 0, 0]
						},
						"1.0": {
							"vector": [-0.5, 0, 0]
						}
					}
				},
				"Root": {
					"rotation": {
						"0.0": {
							"vector": [22.5, -12.5, 0]
						},
						"0.5": {
							"vector": [30.12076, -12.45167, -1.10693]
						},
						"1.0": {
							"vector": [22.5, -12.5, 0]
						}
					},
					"position": {
						"0.0": {
							"vector": [0, -2.5, 1]
						},
						"0.5": {
							"vector": [0, -3.5, 1]
						},
						"1.0": {
							"vector": [0, -2.5, 1]
						}
					}
				},
				"Head": {
					"rotation": {
						"0.0": {
							"vector": [-12.61435, 9.91358, -1.31845]
						},
						"1.0": {
							"vector": [-12.61435, 9.91358, -1.31845]
						}
					},
					"position": {
						"0.0": {
							"vector": [0, 1.5, 0]
						},
						"1.0": {
							"vector": [0, 1.5, 0]
						}
					}
				},
				"LowerJaw": {
					"rotation": {
						"0.0": {
							"vector": [20, 0, 0]
						},
						"0.5": {
							"vector": [27.5, 0, 0]
						},
						"1.0": {
							"vector": [20, 0, 0]
						}
					}
				},
				"RightLegLower": {
					"rotation": {
						"0.0": {
							"vector": [45.52813, -3.3276, 2.26982]
						},
						"0.5": {
							"vector": [57.9621, -3.95952, 2.55226]
						},
						"1.0": {
							"vector": [45.52813, -3.3276, 2.26982]
						}
					}
				},
				"TorsoUpper": {
					"rotation": {
						"0.0": {
							"vector": [-15.07734, 4.61854, -1.91757]
						},
						"0.5": {
							"vector": [-20.03149, 4.75023, -1.61804]
						},
						"1.0": {
							"vector": [-15.07734, 4.61854, -1.91757]
						}
					}
				},
				"LeftLeg": {
					"rotation": {
						"0.0": {
							"vector": [-41.15697, -29.76212, 6.20122]
						},
						"0.5": {
							"vector": [-48.66, -29.76, 6.2]
						},
						"1.0": {
							"vector": [-41.15697, -29.76212, 6.20122]
						}
					},
					"position": {
						"0.0": {
							"vector": [0.5, 0, 0]
						},
						"1.0": {
							"vector": [0.5, 0, 0]
						}
					}
				},
				"LeftLegLower": {
					"rotation": {
						"0.0": {
							"vector": [45, 0, 0]
						},
						"0.5": {
							"vector": [60, 0, 0]
						},
						"1.0": {
							"vector": [45, 0, 0]
						}
					}
				}
			}
		}
	},
	"geckolib_format_version": 2
}